tax_id,tax_level,genus_tax_id,name,common_name,category,is_phage,agg_score,max_z_score,nt_z_score,nt_rpm,nt_count,nt_contigs,nt_contig_r,nt_percent_identity,nt_alignment_length,nt_e_value,nt_bg_mean,nt_bg_stdev,nt_bg_mean_mass_normalized,nt_bg_stdev_mass_normalized,nr_z_score,nr_rpm,nr_count,nr_contigs,nr_contig_r,nr_percent_identity,nr_alignment_length,nr_e_value,nr_bg_mean,nr_bg_stdev,nr_bg_mean_mass_normalized,nr_bg_stdev_mass_normalized,species_tax_ids,known_pathogen
10358,2,10358,Cytomegalovirus,"",viruses,false,5436223175.182482,100,99,201459.85401459853,1104,,,85.2794,188.294,10^-76.2065,0.304401,0.745627,,,100,347080.29197080294,1902,,,60.3332,88.1399,10^-21.8017,,,,,"[10359, 203138, 188763, 50290]",1
10359,1,10358,Human betaherpesvirus 5,"",viruses,false,5436223175.182482,100,99,201277.37226277372,1103,,,85.2702,188.425,10^-76.2621,0.304401,0.745627,,,100,346350.36496350367,1898,,,60.3538,88.1275,10^-21.8122,,,,,,1
203138,1,10358,Pongo pygmaeus cytomegalovirus 1,"",viruses,false,3649635.03649635,100,,,,,,,,,,,,,100,364.963503649635,2,,,45.45,91.0,10^-14.097,,,,,,0
188763,1,10358,Panine betaherpesvirus 2,Chimpanzee cytomegalovirus,viruses,false,3649635.03649635,100,,,,,,,,,,,,,100,364.963503649635,2,,,55.7,97.0,10^-19.5544,,,,,,0
50290,1,10358,Aotine betaherpesvirus 1,"",viruses,false,1806569.3430656933,100,100,182.4817518248175,1,,,95.455,44.0,10^-14.8836,,,,,,,,,,,,,,,,,,0
-200,2,-200,all taxa with neither family nor genus classification,,,false,6799.221093110235,0.37259731590244094,-100,0.0,0,,,0,0,10^0,7955.8,19466.6,,,0.37259731590244094,1824.8175182481752,10,,,61.04,66.0,10^-14.4237,1132.99,1856.77,,,"[2034834, -100]",0
2034834,1,-200,synthetic human betaherpesvirus 5,"",,false,6799.221093110235,100,,,,,,,,,,,,,100,182.4817518248175,1,,,53.0,100.0,10^-23.0904,,,,,,0
-100,1,-200,all taxa with neither family nor genus classification,,,false,304.4812127867129,0.49757531637663743,-100,0.0,0,,,0,0,10^0,0.576854,0.90976,,,0.49757531637663743,1642.3357664233577,9,,,61.9333,62.2222,10^-13.4608,920.966,1449.77,,,,0
