tax_id,tax_level,genus_tax_id,name,common_name,category,is_phage,agg_score,max_z_score,nt_z_score,nt_rpm,nt_count,nt_contigs,nt_contig_r,nt_percent_identity,nt_alignment_length,nt_e_value,nt_bg_mean,nt_bg_stdev,nt_bg_mean_mass_normalized,nt_bg_stdev_mass_normalized,nr_z_score,nr_rpm,nr_count,nr_contigs,nr_contig_r,nr_percent_identity,nr_alignment_length,nr_e_value,nr_bg_mean,nr_bg_stdev,nr_bg_mean_mass_normalized,nr_bg_stdev_mass_normalized,species_tax_ids,known_pathogen
10358,2,10358,Cytomegalovirus,"",viruses,false,7275803467.153284,100,99,365875.9124087591,2005,,,86.6055,256.943,10^-115.281,0.304401,0.745627,,,100,370072.9927007299,2028,,,68.1084,86.3427,10^-26.6475,,,,,"[10359, 188763, 1962168, 47929]",1
10359,1,10358,Human betaherpesvirus 5,"",viruses,false,7275803467.153284,100,99,365510.9489051095,2003,,,86.6067,257.125,10^-115.373,0.304401,0.745627,,,100,369343.06569343066,2024,,,68.11,86.3211,10^-26.6367,,,,,,1
188763,1,10358,Panine betaherpesvirus 2,Chimpanzee cytomegalovirus,viruses,false,7262773.722627737,100,100,364.963503649635,2,,,85.333,75.0,10^-23.5724,,,,,100,364.963503649635,2,,,71.2,99.0,10^-33.3973,,,,,,0
1962168,1,10358,Gorilla beringei beringei cytomegalovirus 2,"",viruses,false,1824817.518248175,100,,,,,,,,,,,,,100,182.4817518248175,1,,,66.0,94.0,10^-33.2495,,,,,,0
47929,1,10358,Macacine betaherpesvirus 3,Rhesus cytomegalovirus,viruses,false,1824817.518248175,100,,,,,,,,,,,,,100,182.4817518248175,1,,,60.8,97.0,10^-28.4935,,,,,,0
-200,2,-200,all taxa with neither family nor genus classification,,,false,7286.782136679384,1.1588304059451173,-0.3993156610900303,182.4817518248175,1,,,83.806,247.0,10^-101.28,7955.8,19466.6,,,1.1588304059451173,3284.6715328467153,18,,,66.4889,69.5556,10^-19.1348,1132.99,1856.77,,,"[2034834, -100]",0
2034834,1,-200,synthetic human betaherpesvirus 5,"",,false,7286.782136679384,100,100,182.4817518248175,1,,,83.806,247.0,10^-101.28,,,,,,,,,,,,,,,,,,0
-100,1,-200,all taxa with neither family nor genus classification,,,false,6205.918839547947,1.630400362020676,-100,0.0,0,,,0,0,10^0,0.576854,0.90976,,,1.630400362020676,3284.6715328467153,18,,,66.4889,69.5556,10^-19.1348,920.966,1449.77,,,,0
