tax_id,tax_level,genus_tax_id,name,common_name,category,is_phage,agg_score,max_z_score,nt_z_score,nt_rpm,nt_count,nt_contigs,nt_contig_r,nt_percent_identity,nt_alignment_length,nt_e_value,nt_bg_mean,nt_bg_stdev,nt_bg_mean_mass_normalized,nt_bg_stdev_mass_normalized,nr_z_score,nr_rpm,nr_count,nr_contigs,nr_contig_r,nr_percent_identity,nr_alignment_length,nr_e_value,nr_bg_mean,nr_bg_stdev,nr_bg_mean_mass_normalized,nr_bg_stdev_mass_normalized,species_tax_ids,known_pathogen
10358,2,10358,Cytomegalovirus,"",viruses,false,8022798722.627737,100,99,426459.85401459853,2337,,,89.8466,290.01,10^-145.158,0.304401,0.745627,,,100,384306.56934306567,2106,,,76.5085,87.2474,10^-33.3756,,,,,[10359],1
10359,1,10358,Human betaherpesvirus 5,"",viruses,false,8022798722.627737,100,99,426459.85401459853,2337,,,89.8466,290.01,10^-145.158,0.304401,0.745627,,,100,384306.56934306567,2106,,,76.5085,87.2474,10^-33.3756,,,,,,1
239934,2,239934,Akkermansia,"",bacteria,false,1788503.6496350365,99,,,,,,,,,,,,,99,182.4817518248175,1,,,71.4,42.0,10^-11.7399,0.12176,0.298251,,,[239935],0
239935,1,239934,Akkermansia muciniphila,"",bacteria,false,1788503.6496350365,99,,,,,,,,,,,,,99,182.4817518248175,1,,,71.4,42.0,10^-11.7399,0.12176,0.298251,,,,0
-200,2,-200,all taxa with neither family nor genus classification,,,false,70238.84185652905,0.9622721334344481,-100,0.0,0,,,0,0,10^0,7955.8,19466.6,,,0.9622721334344481,2919.70802919708,16,,,71.4938,72.5625,10^-22.7938,1132.99,1856.77,,,"[2034834, -100]",0
2034834,1,-200,synthetic human betaherpesvirus 5,"",,false,70238.84185652905,100,,,,,,,,,,,,,100,729.92700729927,4,,,78.375,98.25,10^-40.7336,,,,,,0
-100,1,-200,all taxa with neither family nor genus classification,,,false,1844.156611081801,0.8751836649246504,-100,0.0,0,,,0,0,10^0,0.576854,0.90976,,,0.8751836649246504,2189.78102189781,12,,,69.2,64.0,10^-16.8139,920.966,1449.77,,,,0
