tax_id,tax_level,genus_tax_id,name,common_name,category,is_phage,agg_score,max_z_score,nt_z_score,nt_rpm,nt_count,nt_contigs,nt_contig_r,nt_percent_identity,nt_alignment_length,nt_e_value,nt_bg_mean,nt_bg_stdev,nt_bg_mean_mass_normalized,nt_bg_stdev_mass_normalized,nr_z_score,nr_rpm,nr_count,nr_contigs,nr_contig_r,nr_percent_identity,nr_alignment_length,nr_e_value,nr_bg_mean,nr_bg_stdev,nr_bg_mean_mass_normalized,nr_bg_stdev_mass_normalized,species_tax_ids,known_pathogen
260964,2,260964,Henipavirus,"",viruses,false,2877358490.5660377,100,100,51886.79245283019,22,,,85.8342,124.364,10^-43.4353,,,,,100,245283.01886792452,104,,,52.0846,94.0,10^-17.5634,,,,,"[121791, 63330]",2
121791,1,260964,Nipah henipavirus,"",viruses,false,2877358490.5660377,100,100,51886.79245283019,22,,,85.8342,124.364,10^-43.4353,,,,,100,235849.05660377358,100,,,52.046,94.09,10^-17.5039,,,,,,1
63330,1,260964,Hendra henipavirus,"",viruses,false,94339622.64150943,100,,,,,,,,,,,,,100,9433.962264150943,4,,,53.05,91.75,10^-19.0523,,,,,,1
-200011158,2,-200011158,non-genus-specific reads in family Paramyxoviridae,,viruses,false,70754716.98113208,100,,,,,,,,,,,,,100,16509.43396226415,7,,,36.8571,91.5714,10^-6.30823,,,,,"[1663356, 1387879, 1647262]",0
1663356,1,-200011158,Paramyxoviridae sp.,"",viruses,false,70754716.98113208,100,,,,,,,,,,,,,100,7075.471698113208,3,,,35.6,88.0,10^-6.67271,,,,,,0
1387879,1,-200011158,Miniopterus schreibersii paramyxovirus,"",viruses,false,70754716.98113208,100,,,,,,,,,,,,,100,7075.471698113208,3,,,39.1667,94.0,10^-6.63456,,,,,,0
1647262,1,-200011158,Paramyxovirus PREDICT_PMV-63,"",viruses,false,23584905.660377357,100,,,,,,,,,,,,,100,2358.490566037736,1,,,33.7,95.0,10^-4.23582,,,,,,0
-200,2,-200,all taxa with neither family nor genus classification,,,false,1543.4967361803604,0.6600174313661551,-100,0.0,0,,,0,0,10^0,7955.8,19466.6,,,0.6600174313661551,2358.490566037736,1,,,58.1,43.0,10^-3.62709,1132.99,1856.77,,,[-100],0
-100,1,-200,all taxa with neither family nor genus classification,,,false,1543.4967361803604,0.9915535333451071,-100,0.0,0,,,0,0,10^0,0.576854,0.90976,,,0.9915535333451071,2358.490566037736,1,,,58.1,43.0,10^-3.62709,920.966,1449.77,,,,0
