tax_id,tax_level,genus_tax_id,name,common_name,category,is_phage,agg_score,max_z_score,nt_z_score,nt_rpm,nt_count,nt_contigs,nt_contig_r,nt_percent_identity,nt_alignment_length,nt_e_value,nt_bg_mean,nt_bg_stdev,nt_bg_mean_mass_normalized,nt_bg_stdev_mass_normalized,nr_z_score,nr_rpm,nr_count,nr_contigs,nr_contig_r,nr_percent_identity,nr_alignment_length,nr_e_value,nr_bg_mean,nr_bg_stdev,nr_bg_mean_mass_normalized,nr_bg_stdev_mass_normalized,species_tax_ids,known_pathogen
694002,2,694002,Betacoronavirus,"",viruses,false,7787356321.839081,100,100,379310.3448275862,264,,,86.6455,256.777,10^-115.315,,,,,100,408045.9770114943,284,,,67.8454,93.4401,10^-30.0335,,,,,"[694009, 2708335, 1805463]",1
694009,1,694002,Severe acute respiratory syndrome-related coronavirus,"",viruses,false,7787356321.839081,100,100,376436.7816091954,262,,,86.6627,257.263,10^-115.605,,,,,100,402298.8505747126,280,,,67.855,93.3607,10^-30.0303,,,,,,1
2708335,1,694002,Pangolin coronavirus,"",viruses,false,71839080.45977011,100,100,2873.5632183908046,2,,,84.3895,193.0,10^-77.3822,,,,,100,4310.3448275862065,3,,,67.8,99.3333,10^-31.1239,,,,,,0
1805463,1,694002,Bat betacoronavirus,"",viruses,false,14367816.091954023,100,,,,,,,,,,,,,100,1436.7816091954023,1,,,65.3,98.0,10^-27.6556,,,,,,0
-200011118,2,-200011118,non-genus-specific reads in family Coronaviridae,,viruses,false,57471264.36781609,100,100,4310.3448275862065,3,,,86.54,244.333,10^-108.153,,,,,100,2873.5632183908046,2,,,70.55,98.5,10^-32.7913,,,,,"[1508220, 2108211]",0
1508220,1,-200011118,Bat coronavirus,"",viruses,false,57471264.36781609,100,100,4310.3448275862065,3,,,86.54,244.333,10^-108.153,,,,,100,1436.7816091954023,1,,,72.4,98.0,10^-33.3036,,,,,,0
2108211,1,-200011118,Rhinolophus pusillus coronavirus,"",viruses,false,14367816.091954023,100,,,,,,,,,,,,,100,1436.7816091954023,1,,,68.7,99.0,10^-32.279,,,,,,0
